,x
phone,543
good,379
samsung,273
camera,155
flipkart,127
mobile,105
awesome,102
days,98
low,96
great,91
ram,90
display,86
cons,83
product,78
battery,77
price,77
sound,74
buy,69
battery-backup,68
fast,67
screen,66
time,66
camera-quality,59
nice,58
back,57
phones,56
performance,55
review,53
super-amoled,53
day,52
features,52
problem,52
slim,52
superb,52
quality,51
touch,51
moto,50
pros,49
excellent,48
issue,48
lag,48
device,47
processor,47
smooth,46
games,44
flash,42
battery-life,41
front-flash,41
give,41
front,40
front-camera,40
gorilla-glass,40
mode,40
apps,37
speed,37
volume,36
happy,35
gaming,34
gb-ram,34
sim,34
speaker,34
thing,34
charging,33
delivery,33
experience,33
money,32
ordered,32
received,32
amazing,31
bad,31
feature,30
feel,30
galaxy,30
hours,30
note,30
range,30
call,29
rear,29
premium,28
user,28
bit,27
bought,27
brand,27
gold-color,27
good-phone,27
octa-core,27
short,27
super,27
poor,26
price-range,26
provided,26
sound-quality,26
work,26
decent,25
find,25
samsung-galaxy,25
till,25
big,24
delivered,24
lags,24
light-weight,24
long,24
play,24
usage,24
compared,23
found,23
hanging-problem,23
high,23
light,23
service,23
awesome-phone,22
calls,22
game,22
heating-issue,22
issues,22
made,22
playing,22
expect,21
fast-charging,21
hear,21
heating,21
mah-battery,21
music,21
network,21
worth,21
app,20
battery-back,20
charge,20
clear,20
gold,20
handset,20
order,20
rear-camera,20
selfie,20
wifi,20
aug,19
cameras,19
faster,19
guys,19
market,19
missing,19
people,19
power-saving,19
satisfied,19
weeks,19
average,18
fine,18
giving,18
hand,18
heavy,18
low-light,18
mark,18
purchase,18
side,18
thin,18
working,18
android,17
connectivity,17
due,17
heat,17
lot,17
month,17
music-player,17
sensor,17
week,17
airtel,16
budget,16
built,16
easy,16
full,16
july,16
love,16
makes,16
otg-support,16
processing,16
set,16
video,16
view,16
works,16
back-cover,15
build-quality,15
cheap,15
disappointed,15
free,15
friends,15
hang,15
headphone,15
memory,15
resolution,15
rest,15
smartphone,15
things,15
times,15
videos,15
asphalt,14
button,14
compare,14
design,14
good-product,14
hanging,14
led,14
loud,14
mentioned,14
miss,14
outdoor,14
perfect,14
picture-quality,14
pictures,14
power,14
purchased,14
put,14
sd-card,14
specially,14
storage,14
upto,14
writing,14
asus,13
auto-brightness,13
capture,13
data,13
easily,13
full-hd,13
good-camera,13
headphones,13
heating-problem,13
interface,13
lenovo,13
light-sensor,13
make,13
mid-range,13
normal,13
octacore-processor,13
plastic,13
rating,13
reviews,13
software,13
speaker-volume,13
speakers,13
specifications,13
ultra,13
backlit,12
backup,12
body,12
charged,12
charging-cable,12
clarity,12
earphone,12
fast-delivery,12
flip-cover,12
gold-colour,12
grand,12
latest,12
lollipop,12
model,12
picture,12
playing-games,12
pretty-good,12
recommend,12
samsung-phones,12
small,12
smoothly,12
support,12
tempered-glass,12
update,12
amoled-display,11
beautiful,11
bit-low,11
buttons,11
compass,11
delay,11
fix,11
front-cam,11
good-display,11
hangs,11
hope,11
image,11
installed,11
led-flash,11
led-notification,11
memory-card,11
mins,11
mobile-phone,11
months,11
night,11
offers,11
played,11
reduced,11
running,11
single,11
system,11
worst,11
august,10
auto,10
box,10
brightness,10
charger,10
choice,10
default,10
download,10
exynos,10
facing,10
finally,10
gen,10
ghz,10
golden,10
graphics,10
hrs,10
inch,10
kind,10
lagging,10
major,10
missed,10
mp-camera,10
nice-phone,10
offer,10
open,10
outstanding,10
point,10
protection,10
ringer-volume,10
ringtone,10
sensors,10
sleek,10
slow,10
smart-phone,10
sony,10
speaker-sound,10
suggest,10
terms,10
today,10
trust,10
automatically,9
awsome,9
brands,9
browsing,9
buy-phone,9
buying,9
colour,9
coming,9
confused,9
cool,9
display-quality,9
expensive,9
fantastic,9
flip-kart,9
good-battery,9
good-mobile,9
good-quality,9
great-phone,9
hour,9
internet,9
long-time,9
lte,9
mah,9
mobiles,9
movie,9
notification,9
option,9
ram-gb,9
responsive,9
restart,9
rich,9
ringtones,9
sep,9
sexy,9
simply-awesome,9
size,9
stars,9
takes,9
totally,9
users,9
amoled,8
back-panel,8
basic,8
bright,8
called,8
color,8
company,8
con,8
condition,8
connect,8
cost,8
deliver,8
dual-sim,8
ear,8
gaming-experience,8
gb-internal,8
good-touch,8
google,8
great-display,8
hardware,8
heating-issues,8
india,8
install,8
left,8
level,8
mention,8
notification-light,8
otg,8
output,8
perfect-phone,8
perform,8
photo,8
quick,8
real,8
replacement,8
room,8
selfies,8
settings,8
sim-slot,8
smart-manager,8
specification,8
waiting,8
watching,8
wise,8
add,7
advanced,7
amazing-phone,7
ambient,7
audio,7
calling,7
camera-front,7
chinese,7
colours,7
customer,7
dark,7
devices,7
difference,7
double-data,7
exynos-processor,7
face,7
fairly,7
feeling,7
feels,7
felt,7
file,7
fully,7
gud,7
helpful,7
high-end,7
impressed,7
impressive,7
inch-screen,7
indian,7
job,7
life,7
lights,7
lots,7
low-quality,7
low-sound,7
manually,7
metal,7
micro,7
mind,7
mobile-data,7
modes,7
nice-product,7
notification-led,7
opinion,7
options,7
packed,7
phone-display,7
pic,7
piece,7
pocket,7
previous,7
primary,7
pros-display,7
ram-management,7
regret,7
ringing,7
runs,7
screen-display,7
segment,7
selfie-lovers,7
sharp,7
signal,7
similar,7
simply-brilliant,7
smart,7
supports,7
till-date,7
understand,7
usual,7
video-quality,7
voice,7
whatsapp,7
white,7
word,7
works-fine,7
accessories,6
adjust,6
android-lollipop,6
attractive,6
audible,6
avi,6
back-camera,6
biggest-drawback,6
black,6
blindly,6
brilliant,6
cable,6
cam,6
camera-mp,6
care,6
charger-cable,6
clicks,6
contacts,6
cover,6
cpu,6
date,6
deal,6
delayed,6
doubt,6
expected,6
front-mp,6
function,6
gaming-phone,6
gold-variant,6
good-sound,6
google-play,6
graphic,6
hanging-issue,6
images,6
inbuilt,6
indoor,6
key,6
kindly,6
lacks,6
loved,6
low-price,6
lower,6
matter,6
means,6
minutes,6
mp-front,6
multi-tasking,6
multitasking,6
net,6
nice-mobile,6
noticed,6
octacore,6
panel,6
personal,6
phone-pros,6
phone-samsung,6
player,6
pls,6
points,6
powerful,6
ppi,6
pre,6
price-tag,6
problems,6
properly,6
provide,6
question,6
quick-delivery,6
required,6
response,6
return,6
ringtone-volume,6
samsung-flipkart,6
save,6
screen-size,6
security,6
shounld,6
show,6
shows,6
smooth-touch,6
snapdragon,6
special,6
specs,6
star,6
status,6
stunning,6
stylish,6
superb-display,6
supports-otg,6
switch,6
test,6
touchwiz-ui,6
vibrant-colors,6
vibration,6
wait,6
waited,6
waste,6
weight,6
wire,6
ws-retail,6
ws-retailer,6
yesterday,6
absence,5
added,5
advantage,5
airtel-sim,5
amount,5
applications,5
asus-zenfone,5
audio-quality,5
auto-focus,5
awesome-display,5
awesome-mobile,5
back-lit,5
background,5
backlight,5
battery-charging,5
battery-mah,5
beast,5
beats,5
big-screen,5
bottom,5
camera-clarity,5
capacity,5
change,5
charges,5
claimed,5
close,5
colors,5
compatible,5
complaining,5
compromised,5
continuously,5
coz,5
display-good,5
ear-piece,5
earphones,5
edges,5
effect,5
elite,5
excellent-phone,5
extra,5
extremely,5
facility,5
fan,5
files,5
finish,5
flagship,5
flipkart-delivered,5
flipkart-delivery,5
gave,5
genuine,5
glass,5
god,5
gold-version,5
golden-body,5
goodas,5
guess,5
half,5
handles,5
hands,5
hard,5
hdr,5
headset,5
heated,5
heavy-usage,5
hold,5
huge,5
image-quality,5
important,5
improve,5
improved,5
increase,5
inspite,5
internal,5
item,5
judge,5
keys,5
killer,5
lasts,5
late,5
length,5
loudspeaker,5
lovers,5
low-volume,5
main,5
mali,5
miss-calls,5
models,5
nice-display,5
nova,5
operate,5
optimized,5
part,5
person,5
phone-battery,5
phone-yesterday,5
place,5
positive,5
pre-order,5
prefer,5
present,5
pretty,5
quickly,5
read,5
reading,5
rear-front,5
reasons,5
related,5
removable,5
restarting,5
samsung-devices,5
samsungs,5
secondary,5
site,5
solve,5
standby,5
started,5
style,5
super-fast,5
top,5
touch-screen,5
touchwiz,5
TRUE,5
turn,5
type,5
unbeatable,5
vibrant,5
viewing,5
vivid,5
water,5
worked,5
write,5
youtube,5
zenfone,5
access,4
account,4
activated,4
amazingly,4
aperture,4
appears,4
application,4
applied,4
appreciable,4
atleast,4
audio-output,4
bad-thing,4
bcoz,4
bit-heavy,4
blink,4
bloatware,4
branded,4
call-quality,4
captured,4
cell-phone,4
changed,4
check,4
choose,4
colored-set,4
comfortable,4
comparatively,4
complain,4
conditions,4
connection,4
couple,4
crisp,4
data-cable,4
daylight,4
dear,4
decided,4
dint,4
disabled,4
disadvantage,4
disadvantages,4
disappointing,4
discount,4
display-super,4
downloaded,4
drainage,4
drawback,4
drop,4
drops,4
dual,4
duos,4
edtn,4
ekart,4
error,4
excellent-product,4
expectation,4
expecting,4
extent,4
eye,4
facebook,4
faced,4
facing-slow,4
fair,4
fastly,4
fit,4
fon,4
format,4
front-facing,4
fully-satisfied,4
functionality,4
functioning,4
games-run,4
ghz-exynos,4
good-buy,4
good-feature,4
good-performance,4
good-ram,4
good-slim,4
gt-racing,4
handsets,4
handy,4
hanging-issues,4
hanging-problems,4
head,4
head-phones,4
heats,4
hey,4
higher,4
highest,4
home,4
htc,4
impression,4
incoming,4
installing,4
lack,4
lags-till,4
large,4
latest-android,4
launch,4
launched,4
led-light,4
listen,4
lock,4
lost,4
loud-speaker,4
loudness,4
lover,4
loving,4
manageable,4
management,4
medium,4
menu,4
min,4
movies,4
multiple,4
needed,4
neo,4
nice-performance,4
office,4
ordering,4
original,4
paper,4
past,4
pathetic,4
phone-performance,4
physical,4
pics,4
pinch,4
planning,4
play-store,4
pro,4
processor-exynos,4
pros-good,4
pros-great,4
pros-nice,4
reality,4
reasonable-price,4
remember,4
removing,4
research,4
ring-tone,4
ringtone-sound,4
run,4
running-smoothly,4
samoled,4
samsung-mobiles,4
samsung-phone,4
samsung-product,4
satisfactory,4
satisfy,4
screen-guard,4
sec,4
share,4
shown,4
shutter,4
signal-strength,4
signals,4
sim-card,4
sleek-design,4
smartphones,4
space,4
start,4
super-performance,4
taking,4
task,4
technical,4
thinking,4
treat,4
turning,4
typically,4
verdict,4
version,4
vibrate,4
wanted,4
watching-videos,4
week-back,4
wid,4
wonderful,4
worthy,4
wrong,4
yureka,4
absolute-gaming,3
absolutely,3
absolutely-optimized,3
advantages,3
ago,3
ahead,3
amazed,3
amazing-display,3
amp,3
andriod,3
antutu-benchmark,3
app-called,3
approx,3
area,3
auto-flash,3
autofocus,3
back-door,3
bar,3
basic-features,3
battery-awesome,3
battery-capacity,3
battery-depletion,3
battery-lasts,3
beat,3
benchmark,3
big-games,3
bigger,3
black-screen,3
book,3
bother,3
bought-samsung,3
break,3
build,3
built-quality,3
busy,3
butter,3
buy-samsung,3
camera-good,3
cams,3
carry,3
changing,3
cheaper,3
checking,3
cheers,3
chrome,3
city,3
class,3
classy,3
clean,3
click-outdoor,3
clicking,3
color-reproduction,3
combination,3
committed,3
comparable,3
comparing,3
comparison,3
cons-low,3
cons-ram,3
cons-sound,3
console,3
continues,3
continuous,3
cores,3
crashing,3
crystal,3
customers,3
customization,3
daily,3
dead,3
decent-phone,3
dedicated,3
defect,3
deserve,3
difficult,3
dis,3
display-makes,3
display-resolution,3
display-sound,3
distance-snaps,3
dnt,3
don,3
drive,3
driving,3
dslr,3
dual-led,3
easily-break,3
end,3
enjoy,3
excellent-camera,3
excellent-display,3
expand,3
expandable,3
expandable-memory,3
experienced,3
external,3
exynose,3
failed,3
family,3
faster-charging,3
feather,3
flipkart-service,3
focus,3
fone,3
fragile,3
frame,3
free-ram,3
friendly,3
frnds,3
frount,3
full-day,3
functions,3
gains,3
gallery,3
gameloft,3
gamers,3
gaming-performance,3
gb-gb,3
general,3
golden-color,3
golg-slim,3
good-choice,3
good-clarity,3
good-condition,3
good-deal,3
good-design,3
good-experience,3
good-features,3
good-gb,3
good-processor,3
gorgeous,3
gpu,3
grab,3
great-features,3
great-job,3
greatness,3
gsm,3
handle,3
handling,3
hanged,3
happen,3
haptic-feedback,3
hd-videopicsgames,3
heavy-games,3
helps,3
highly,3
huge-display,3
inches,3
initially,3
insted,3
internal-storage,3
keeping,3
kudos,3
laggy,3
lasting,3
lasting-battery,3
launching,3
led-notifications,3
lightweight,3
limiting,3
line,3
lite,3
literally,3
litter,3
lolipop,3
long-run,3
long-wait,3
longer-cable,3
louder,3
loudspeaker-sound,3
low-ppi,3
luxury,3
making,3
manage,3
match,3
materials,3
mb-ram,3
megapixel,3
message,3
mid-segment,3
middle,3
minor,3
moderate-usage,3
modern-combat,3
modes-mah,3
moving,3
mp-rear,3
msgs,3
multi-window,3
multiple-apps,3
multitasking-smoothly,3
mx-player,3
negative,3
net-browsing,3
nfc,3
nicely-managed,3
noise,3
noisy,3
normal-usage,3
number,3
nut-trust,3
online,3
operation,3
otg-supported,3
outdated,3
outdoors,3
pack,3
packaging,3
pen-drive,3
perfectly,3
performs,3
personally,3
phablet,3
phone-charger,3
photography,3
photos,3
pick,3
plays,3
poor-quality,3
pre-booked,3
preinstalled,3
press,3
previously,3
primary-camera,3
prize,3
processors,3
products,3
pros-cons,3
purchased-samsung,3
purchasing,3
purpose,3
qualcomm,3
quality-gt,3
quick-charging,3
ram-makes,3
rate,3
reach,3
ready,3
rear-speaker,3
reason,3
reasonable,3
reboot,3
reception,3
recharge,3
recieved,3
redmi,3
refund,3
remedy,3
remove,3
removed,3
repeated,3
replaced,3
require,3
resistant,3
respect,3
revel,3
reviewed,3
reviewing,3
ring,3
ring-volume,3
rings,3
rs-discount,3
running-apps,3
running-smooth,3
samsung-brand,3
samsung-mobile,3
saved,3
score,3
screen-phone,3
screen-quality,3
sept,3
series,3
services,3
shape,3
shots,3
showed,3
showing,3
simple,3
simply,3
simply-amazing,3
slightly,3
slim-design,3
song,3
sound-output,3
sound-volume,3
speaker-quality,3
speedy-delivery,3
starting,3
state,3
stay,3
stereo-headset,3
stock-android,3
storage-gb,3
store,3
strongly-recommended,3
stuff,3
sufficient,3
super-awesome,3
super-cool,3
superb-phone,3
support-otg,3
supported,3
surely,3
surfing,3
surprised,3
switched,3
switching,3
talking-purpose,3
team,3
tested,3
theme,3
thought,3
tht,3
torch,3
touch-wiz,3
traffic,3
transfer,3
ultimate,3
unique,3
unit,3
unlock,3
upgrade,3
usb,3
usb-cable,3
user-experience,3
valuable,3
versions,3
vibrating,3
video-recording,3
viewing-angles,3
wah,3
web,3
week-ago,3
widgets,3
wife,3
won,3
worest,3
worry,3
worst-part,3
worth-buying,3
years,3
abnormally,2
abt,2
accessory,2
accurate,2
activate,2
actual,2
adapt,2
additional,2
adds,2
advice,2
advise,2
agreed,2
airtal,2
ambient-light,2
ammo,2
amoled-screen,2
ample,2
android-phone,2
angle,2
annoying,2
antena,2
apple,2
ashamed,2
asset,2
assign,2
astonishing,2
attention,2
aur,2
automatic,2
avarage,2
avatar,2
avg,2
awesome-performance,2
awsm,2
awsom,2
bad-quality,2
bag,2
bakwass,2
bank,2
based,2
batter,2
battery-display,2
battery-good,2
battrey,2
beauty,2
benchmarks,2
bend,2
bet,2
bettr,2
bigger-screen,2
biggest,2
billion,2
blazing,2
bloat,2
bluray,2
booked,2
booking,2
boost,2
boring,2
bring,2
broken,2
brother,2
brought,2
budgets,2
buget,2
bulky,2
butterly,2
buy-moto,2
buyer,2
cam-mp,2
camera-flash,2
camera-performance,2
camera-ram,2
camera-rear,2
camera-super,2
cancel,2
cancelled,2
capacitive,2
capturing,2
cardboard,2
careful,2
carefully,2
case,2
catching,2
cell,2
certified,2
charm,2
cheapest,2
checked,2
checks,2
china,2
clarity-good,2
classic,2
click,2
clocked,2
colour-display,2
colourfull,2
commonly,2
concept,2
concern,2
concerned,2
conclusion,2
configuration,2
connected,2
connectivity-issue,2
consumed,2
consumes,2
contact,2
continue,2
cord,2
core,2
corers,2
costing,2
crisp-sharp,2
cut,2
cyanogenmod,2
damn,2
days-usage,2
decision,2
decreases,2
deep,2
definately,2
delevr,2
deliverd,2
delivered-today,2
delivering,2
delivery-option,2
description,2
design-phone,2
details,2
digital,2
dimensions,2
direct,2
disappointment,2
disconnecting,2
dispay,2
display-camera,2
display-screen,2
display-touch,2
dlna,2
dollars,2
downloading,2
dpi,2
drain,2
draining,2
drivenote,2
dropbox,2
dsnt,2
dull,2
dust,2
ear-phone,2
earlier,2
early,2
ears,2
economical,2
edition,2
elegant,2
email,2
enabled,2
enables,2
english,2
enjoying,2
equal,2
essential,2
eventhough,2
exact,2
exceeds,2
exceptionally,2
excluding,2
existing,2
expectations,2
extreme,2
eyes,2
factory,2
fake,2
fall,2
famous,2
fans,2
fat,2
fault,2
faulty,2
feedback,2
fhd,2
figure,2
filipcart,2
final,2
finished,2
fits,2
flashes,2
flat,2
flawless,2
flexible,2
flipcart,2
flipkarts,2
fluctuating,2
followings,2
fond,2
font,2
freak,2
frequently,2
friend,2
front-rear,2
fullhd,2
future,2
game-play,2
gb-exynos,2
gb-storage,2
gem,2
gift,2
glitches,2
globe,2
gmail,2
good-cameras,2
good-good,2
good-nice,2
good-service,2
good-volume,2
gotta,2
gps,2
grains,2
graphical,2
great-mobile,2
great-performance,2
great-smooth,2
guarantee,2
gyroscope,2
hall,2
handled,2
hated,2
hats,2
hd-display,2
head-phone,2
heard,2
hectic,2
hels,2
hesitation,2
highlight,2
highlighted,2
hogger,2
holds,2
honor,2
hoping,2
horrible,2
icon,2
idea,2
ignore,2
imei,2
improvements,2
incredible,2
indication,2
indicator,2
inserted,2
inside,2
intense,2
interesting,2
internal-memory,2
introduced,2
invest,2
investing,2
ipx,2
irritating,2
irritation,2
itz,2
juice,2
king,2
lagginghanging,2
lasts-long,2
leads,2
leave,2
leds,2
lens,2
lifetime,2
lightning,2
likes,2
limited,2
list,2
listening,2
live,2
loaded,2
logistics,2
loose,2
loss,2
loves,2
low-ram,2
lpddr,2
lumia,2
magic,2
maintained,2
majestic,2
man,2
managed,2
manager,2
manner,2
manual,2
manufactured,2
manufacturing,2
marketing,2
matters,2
max,2
maximum,2
mbps,2
messages,2
metallic,2
mhz,2
mic,2
micromax,2
microsoft,2
mii,2
mindblowing,2
mmc,2
moblie,2
moderate,2
mom,2
morden,2
mp-back,2
multimedia,2
neat,2
neutral,2
nexus,2
nfs,2
nice-features,2
noon,2
nothings,2
notice,2
notifications,2
object,2
observe,2
observed,2
oct,2
offered,2
older,2
oly,2
operating,2
opted,2
order-phone,2
ordinary,2
orientation,2
output-speaker,2
overcome,2
overheating,2
page,2
par,2
penny,2
percent,2
percentage,2
perfomance,2
performance-battery,2
performances,2
performer,2
phn,2
phone-awesome,2
phone-camera,2
phone-feels,2
places,2
play-music,2
playstore,2
pleased,2
power-saver,2
practically,2
prefix,2
preorder,2
priced,2
prime,2
print,2
prob,2
processor-good,2
produce,2
produced,2
product-delivered,2
production,2
proper,2
pros-battery,2
providing,2
public,2
punch,2
punchy,2
quiet,2
railway,2
rams,2
range-phone,2
rapid,2
ratio,2
reached,2
realistic,2
realize,2
rear-flash,2
rebooting,2
recd,2
receive,2
received-phone,2
recognised,2
recognize,2
recommended,2
recording,2
recvd,2
registered,2
released,2
reliable,2
remains,2
removable-battery,2
repair,2
replica,2
requested,2
reset,2
resistance,2
resolve,2
resource,2
restarts,2
result,2
resulting,2
retailer,2
review-phone,2
ringer,2
rocks,2
rohit,2
rom,2
rooted,2
royal,2
rubbish,2
samsung-battery,2
samsung-good,2
samsung-grand,2
samu,2
sar,2
satisfaction,2
saver,2
saves,2
scored,2
screenshot,2
search,2
secondary-camera,2
select,2
selfi,2
seller,2
serviced,2
sets,2
shipping,2
shit,2
shock,2
shop,2
shortcoming,2
sims,2
sitting,2
skype,2
slot,2
slowly,2
soft,2
softwares,2
solution,2
solved,2
soo,2
sound-low,2
sounds,2
spares,2
speak,2
speechless,2
speeds,2
spending,2
sport,2
stable,2
stand,2
standard,2
steel,2
stereo,2
sticker,2
stock,2
strength,2
strong,2
strongly,2
struck,2
stuck,2
stylist,2
suddenly,2
suggested,2
suggestion,2
super-phone,2
superb-camera,2
superb-touch,2
superior,2
suprb,2
surface,2
swear,2
switching-apps,2
sync,2
syncing,2
talk,2
talking,2
tap,2
thaks,2
thnks,2
throw,2
til,2
tip,2
told,2
trace,2
traditional,2
trendy,2
truecaller,2
tube,2
turned,2
types,2
ugly,2
ultra-power,2
unable,2
unbelievable,2
unexpectedly,2
upload,2
usable,2
useless,2
utterly,2
verry,2
vey,2
vga,2
vice,2
vlc,2
vodafone,2
wanna,2
watch,2
weak,2
website,2
weighted,2
wht,2
wifii,2
worst-phone,2
wow,2
written,2
wsretail,2
wud,2
xiaomi,2
xiomi,2
yeah,2
yuphoria,2
zoom,2
