"","x"
"samsung-galaxy",503
"galaxy",359
"samsung",246
"phone",219
"india",218
"device",159
"smartphone",140
"features",118
"launched",112
"screen",97
"devices",96
"price",95
"camera",92
"octa-core",91
"priced",90
"primary-camera",90
"processor",89
"specification",89
"moto",88
"powered",87
"mah-battery",84
"resolution",81
"battery",77
"smartphones",77
"launch",75
"display",73
"android",67
"lenovo",64
"gb-ram",63
"support",62
"front-camera",61
"megapixel",60
"ghz",59
"phones",59
"li-ion",58
"pixels-pixels",58
"ram",57
"led-flash",55
"market",55
"mid-range",54
"company",53
"specifications",53
"runs",52
"android-lollipop",51
"rear-camera",51
"series",51
"inch",48
"announced",47
"china",46
"time",46
"handset",45
"storage",45
"comparison",44
"mah",43
"pixels",43
"mobile-indian",41
"month",41
"microsd-card",40
"play",40
"dual-sim",38
"edge",37
"inches",37
"lte",37
"pixel-density",37
"provide",37
"full-hd",35
"handsets",35
"indian",35
"note",35
"core-ghz",34
"quad-core",34
"year",34
"expected",33
"model",33
"quad",33
"microsd",32
"top",32
"display-size",31
"gb-storage",31
"inches-screen",31
"amoled-display",30
"compared",30
"galaxy-note",30
"ghz-processor",30
"multi-touch",30
"spectrum",30
"terms",30
"back",29
"display-resolution",29
"july",29
"maximum-performance",29
"provide-support",29
"september",29
"approximately-ppi",28
"download",28
"feature",28
"flipkart",28
"geo-tagging",28
"make",28
"micromax",28
"models",28
"motorola",28
"offer",28
"supported-model",28
"xiaomi-mi",28
"android-os",27
"sony-xperia",27
"design",26
"inch-hd",26
"samsungs",26
"users",26
"motorola-moto",25
"oneplus",25
"bit",24
"front",24
"made",24
"released",24
"reviews",24
"touch-focus",24
"wi-fi",24
"asus-zenfone",23
"date",23
"delhi",23
"face-detection",23
"power",23
"qualcomm-snapdragon",23
"snapdragon",23
"based",22
"version",22
"xiaomi",22
"chinese",21
"dual",21
"exynos",21
"give",21
"include",21
"jul",21
"latest",21
"lollipop",21
"online",21
"sports",21
"tablet",21
"touch",21
"affordable-flagship",20
"apps",20
"cortex",20
"end",20
"flagship",20
"gb-version",20
"higher",20
"neo",20
"specs",20
"style",20
"taking",20
"zte-nubia",20
"aperture",19
"difference",19
"exclusive-deals",19
"gadgets-app",19
"gps",19
"ios",19
"latest-tech",19
"news-product",19
"operating-system",19
"popular-mobiles",19
"set",19
"stay",19
"affordable",18
"bluetooth",18
"details",18
"entry-level",18
"high-end",18
"inbuilt-storage",18
"including",18
"indian-market",18
"run",18
"weighs-grams",18
"built",17
"exclusive",17
"expandable",17
"eye",17
"facing-camera",17
"found",17
"gen",17
"huawei",17
"huawei-honor",17
"memory",17
"pro",17
"sharing",17
"technology",17
"video",17
"week",17
"august",16
"backed",16
"brand",16
"earlier",16
"experience",16
"fire",16
"front-facing",16
"hand",16
"htc-desire",16
"inch-display",16
"korean-tech",16
"line",16
"main-features",16
"micro-usb",16
"micromax-canvas",16
"mobile-device",16
"price-cut",16
"pricing",16
"update",16
"alcatel-hero",15
"app",15
"canvas-fire",15
"connectivity",15
"connectivity-options",15
"exp-announcement",15
"gionee-ctrl",15
"government",15
"huawei-mediapad",15
"internal-storage",15
"june",15
"lava-iris",15
"lenovo-yoga",15
"lot",15
"lower",15
"meizu",15
"microsoft-lumia",15
"mode",15
"ni-wire",15
"page",15
"quality",15
"sensor",15
"service",15
"blackberry-classic",14
"buyers",14
"companys",14
"data",14
"expanded",14
"full",14
"korean-giant",14
"launches",14
"launching",14
"megapixel-front",14
"nfc",14
"official",14
"priced-rs",14
"removable",14
"revealed",14
"sales",14
"selfie",14
"smartphone-market",14
"sold",14
"store",14
"today",14
"added",13
"big",13
"bigger",13
"biggest",13
"cny",13
"country",13
"day",13
"encryption",13
"event",13
"free",13
"giant",13
"larger",13
"match",13
"measures",13
"price-rs",13
"review",13
"units",13
"user",13
"band",12
"consumers",12
"corning",12
"cpu",12
"feel",12
"flash",12
"gorilla-glass",12
"hours",12
"key",12
"korean-company",12
"metallic",12
"months",12
"news",12
"nubia",12
"number",12
"offers",12
"point",12
"products",12
"protection",12
"range",12
"reports",12
"sale",12
"sony",12
"source",12
"super-amoled",12
"upcoming",12
"variants",12
"white",12
"amazon",11
"body",11
"chipset",11
"days",11
"find",11
"htc",11
"huawei-nexus",11
"image",11
"information",11
"iphone",11
"leaked",11
"major",11
"making",11
"mobile",11
"oct",11
"options",11
"packs",11
"performance",11
"ppi",11
"price-tag",11
"release",11
"reportedly",11
"roughly-rs",11
"slightly",11
"slot",11
"snapdeal",11
"software",11
"website",11
"years",11
"airtel",10
"apple",10
"auto-focus",10
"box",10
"coming",10
"competition",10
"confirmed",10
"early",10
"facebook",10
"gb-internal",10
"graphics",10
"high",10
"home",10
"listed",10
"march",10
"megapixel-rear",10
"metal",10
"mii",10
"network-sep",10
"notes",10
"phablet",10
"posted",10
"premium",10
"recently",10
"running",10
"segment",10
"selling",10
"series-phones",10
"similar",10
"snapdragon-processor",10
"things",10
"twitter",10
"versions",10
"worth",10
"autofocus",9
"battery-life",9
"buy",9
"category",9
"cheaper",9
"close",9
"expect",9
"fans",9
"fingerprint-sensor",9
"games",9
"ghz-cortex",9
"global",9
"hands",9
"hd-display",9
"images",9
"kitkat",9
"largely",9
"likes",9
"long",9
"makes",9
"markets",9
"midrange",9
"monday",9
"moving",9
"mp-camera",9
"october",9
"offering",9
"online-retailer",9
"pack",9
"panel",9
"period",9
"powerful",9
"present",9
"previous",9
"prices",9
"retail",9
"samsung-india",9
"screen-resolution",9
"selfies",9
"snapdragon-soc",9
"standard",9
"standby-time",9
"started",9
"supports",9
"tft-display",9
"true",9
"unlike",9
"unveiled",9
"variant",9
"water",9
"weeks",9
"xperia",9
"yu-yunique",9
"adreno-gpu",8
"advantages",8
"april",8
"area",8
"brands",8
"build",8
"cameras",8
"cheapest-phone",8
"companies",8
"dan",8
"deliver",8
"differences",8
"displays",8
"draft",8
"draft-guidelines",8
"equipped",8
"exynos-processor",8
"fact",8
"flip-phone",8
"generation",8
"gigs",8
"gold",8
"google",8
"gpu",8
"holding",8
"home-button",8
"improved",8
"inch-screen",8
"india-samsung",8
"introduced",8
"lens",8
"low",8
"low-light",8
"massive",8
"mentioned",8
"mhz",8
"mini",8
"move",8
"network-aug",8
"original",8
"para",8
"people",8
"pixels-display",8
"planning",8
"points",8
"popular",8
"product",8
"real",8
"rs-range",8
"saving-mode",8
"selfie-focused",8
"sep",8
"services",8
"share",8
"side",8
"soc",8
"south-korea",8
"sport",8
"starting",8
"tizen",8
"volume",8
"access",7
"addition",7
"alcatel-flash",7
"availability",7
"board",7
"bring",7
"bringing",7
"bunch",7
"card",7
"certification",7
"comment",7
"couple",7
"coupled",7
"customers",7
"encrypted",7
"gadgets",7
"glass",7
"grams",7
"great",7
"half",7
"head",7
"house",7
"houses",7
"inch-xperia",7
"included",7
"indias-cheapest",7
"inr",7
"installed",7
"lcd-display",7
"licensees",7
"light",7
"market-share",7
"microsoft",7
"money",7
"ndtv-correspondent",7
"neo-topple",7
"network-feb",7
"nexus",7
"notably",7
"part",7
"partnered",7
"passion",7
"pen",7
"pm-modi",7
"pm-today",7
"post",7
"pre",7
"pretty",7
"problem",7
"purchase",7
"qhd",7
"recent",7
"record",7
"release-date",7
"report",7
"result",7
"rom",7
"shoes",7
"shooter",7
"snapper",7
"south",7
"spotted",7
"statement",7
"telecom",7
"tft",7
"thursday",7
"titles",7
"ultra-power",7
"unit",7
"usage",7
"vibe-shot",7
"weighs",7
"whatsapp",7
"wide-angle",7
"word",7
"ago",6
"allowed",6
"alongside",6
"arguably",6
"arm",6
"asus",6
"beat-oneplus",6
"benchmark",6
"black",6
"brisk-business",6
"called",6
"capacity",6
"carry",6
"change",6
"chip",6
"clear",6
"clocked",6
"colour",6
"colour-variants",6
"commerce",6
"compete",6
"cores",6
"current",6
"department",6
"dual-standby",6
"due",6
"easily",6
"easy",6
"elephone",6
"entire",6
"exclusively",6
"exynos-soc",6
"faster",6
"feedback",6
"flagships",6
"focus",6
"follow",6
"frame",6
"gb-model",6
"gionee-elife",6
"googles",6
"hardware",6
"hdr",6
"heavy",6
"hood",6
"important",6
"indias",6
"internal-memory",6
"ipod-touch",6
"ips-display",6
"lcd",6
"limited",6
"lte-connectivity",6
"lte-support",6
"manufacturing",6
"marvel-pxa",6
"met",6
"motorola-india",6
"national",6
"network",6
"network-jul",6
"offer-decent",6
"pada",6
"panorama",6
"picture",6
"pixels-resolution",6
"plain-text",6
"players",6
"premium-model",6
"prepped",6
"processor-clocked",6
"processors",6
"quarter",6
"quick",6
"ram-gb",6
"rated",6
"read",6
"ready",6
"rear",6
"redmi",6
"refurbished",6
"required",6
"rs-india",6
"samsung-model",6
"samung-galaxy",6
"secondary",6
"security",6
"significant",6
"single",6
"size",6
"snapdragon-chipset",6
"spectrum-sharing",6
"spreadtrum",6
"step-forward",6
"stories",6
"suggests",6
"super",6
"tenaa",6
"till",6
"tuesday",6
"updated",6
"usb",6
"visit",6
"win",6
"world",6
"written",6
"akan",5
"amazon-india",5
"amoled",5
"angles",5
"announce",5
"announcement",5
"attempt",5
"auction",5
"backup",5
"bgr-india",5
"black-white",5
"bluetooth-gps",5
"bottom",5
"business",5
"capabilities",5
"card-support",5
"case",5
"charging",5
"click",5
"color",5
"competitor",5
"competitors",5
"complete",5
"completely-manufactured",5
"conditions",5
"consumer",5
"core",5
"core-prime",5
"cost",5
"curved",5
"cuts",5
"debut",5
"decent",5
"default",5
"degree",5
"delhi-tue",5
"designed",5
"digital-india",5
"direct",5
"distributors",5
"downside",5
"dropping-price",5
"electronics",5
"enabled",5
"eventually",5
"expansion",5
"extra",5
"face",5
"finally",5
"fingerprint-scanner",5
"gadget",5
"galaxy-grand",5
"gionee",5
"glonass-bluetooth",5
"good",5
"grand-prime",5
"great-camera",5
"handset-supports",5
"held",5
"highlight",5
"hit",5
"huge",5
"inch-super",5
"increase",5
"india-price",5
"india-sonys",5
"industry",5
"ini",5
"initially",5
"interesting",5
"internet",5
"introduce",5
"invites",5
"involve",5
"issues",5
"jaw",5
"keduanya",5
"korean-giants",5
"language",5
"large",5
"latest-technology",5
"launch-date",5
"launch-event",5
"lava",5
"lenovo-phab",5
"licensee",5
"lighter",5
"live",5
"local",5
"lte-band",5
"mais",5
"mali-tmp",5
"man",5
"manufacturer",5
"mark",5
"max",5
"media",5
"menggunakan",5
"mention",5
"minutes",5
"mln",5
"mobile-phone",5
"music-app",5
"ndtv-gadgets",5
"offerings",5
"officially",5
"panasonic-eluga",5
"past",5
"percent",5
"permitted",5
"phicomm-energy",5
"phone-based",5
"positioned",5
"president",5
"price-makes",5
"processing",5
"processor-coupled",5
"producing",5
"quad-hd",5
"receive",5
"related",5
"reveal",5
"robin-sinha",5
"rs-mark",5
"samsung-launched",5
"samsung-phone",5
"scs-chipset",5
"shared",5
"shots",5
"show",5
"shruti-dhapola",5
"sim",5
"simultaneously",5
"site",5
"sized",5
"sm-jf",5
"small",5
"smart-shoes",5
"stand",5
"stars",5
"start",5
"storm",5
"successor",5
"switching",5
"tab",5
"testing",5
"tie",5
"todays",5
"top-end",5
"touchwiz",5
"traditional",5
"type",5
"unlimited-music",5
"upcoming-samsung",5
"vga",5
"video-recording",5
"viewing",5
"weight",5
"wifi",5
"work",5
"worst",5
"worth-rs",5
"wynk",5
"xp-resolution",5
"yu-yuphoria",5
"yuan",5
"abgn-gpsagps",4
"ability",4
"account",4
"active",4
"adreno",4
"affect",4
"affordable-smartphone",4
"ahead",4
"ambient",4
"amoled-displays",4
"anche",4
"android-based",4
"anil-satapathy",4
"annunciato",4
"apenas",4
"appears",4
"approximately-rs",4
"arash-fekri",4
"arrive",4
"autofocus-camera",4
"auxus-prime",4
"back-camera",4
"backs-update",4
"bands",4
"battle",4
"beat",4
"bezels",4
"bgn",4
"black-models",4
"board-storage",4
"brought",4
"budget-segment",4
"call",4
"charges",4
"check",4
"chinese-market",4
"clock",4
"clubbed",4
"cmos-sensor",4
"colours",4
"con",4
"concerned",4
"contrast",4
"countries",4
"cover",4
"cut",4
"dan-galaxy",4
"dates",4
"decided",4
"dedicated",4
"detailed",4
"di-india",4
"difficult",4
"director",4
"distribution",4
"double-data",4
"draft-policy",4
"edition",4
"eluga",4
"energy",4
"entered",4
"entry",4
"equivalent",4
"expand",4
"expandable-storage",4
"expanded-upto",4
"extent",4
"external-memory",4
"eyes",4
"firm",4
"forms",4
"forward",4
"fps",4
"galaxy-core",4
"galaxy-devices",4
"gameloft",4
"gear",4
"gearing",4
"generally",4
"ghz-cores",4
"ghz-exynos",4
"glass-construction",4
"good-display",4
"governments",4
"gprs-edge",4
"gps-glonass",4
"grey",4
"growing",4
"guidelines",4
"health",4
"heart-rate",4
"highest-selling",4
"highligh",4
"hold",4
"honest",4
"hspa-gprsedge",4
"image-stabilisation",4
"improve",4
"imx-exmor",4
"includes",4
"initiative",4
"interestingly",4
"ist",4
"january",4
"juli",4
"key-specifications",4
"krait-processor",4
"late",4
"launch-price",4
"law",4
"leave",4
"levels-phicomm",4
"light-sensor",4
"list",4
"lite",4
"longer",4
"lost",4
"low-cost",4
"low-end",4
"lpddr-ram",4
"manufactured",4
"manufacturers",4
"market-segment",4
"mediatek-mt",4
"mega-pixel",4
"megapixel-autofocus",4
"megapixel-camera",4
"megapixels",4
"membawa",4
"micro",4
"mid-segment",4
"midrange-handsets",4
"mind",4
"mm-thick",4
"mm-thin",4
"mobile-samsung",4
"modelo",4
"money-phone",4
"months-ago",4
"motorolas",4
"mp-shooter",4
"music",4
"nice",4
"normal",4
"note-reviews",4
"note-sale",4
"operators",4
"optical",4
"order",4
"package",4
"packed",4
"paid",4
"paired",4
"partnership",4
"phone-offers",4
"physical",4
"pics",4
"pixel",4
"pixels-super",4
"place",4
"plastic",4
"plite",4
"port",4
"post-navigation",4
"posted-date",4
"potentially",4
"presence",4
"profile",4
"provided",4
"providing",4
"proximity-sensor",4
"qualcomm",4
"quickly",4
"raised",4
"reach",4
"reason",4
"reception",4
"refurbished-smartphones",4
"regular",4
"removable-battery",4
"reported",4
"reputation",4
"response",4
"resulting",4
"results",4
"retailers",4
"reveals",4
"review-pictures",4
"rishi-chawla",4
"rivals",4
"sale-starting",4
"sammobile",4
"samsung-electronics",4
"samsungs-galaxy",4
"sar",4
"screens",4
"seconds",4
"sedangkan",4
"sell",4
"ser",4
"setting",4
"settings",4
"sharma",4
"silver",4
"smartphone-galaxy",4
"smartphones-feature",4
"snazzy-metal",4
"space",4
"speed",4
"spot",4
"stato",4
"stock",4
"stock-android",4
"strong",4
"successful",4
"teaser",4
"teasing",4
"test",4
"text",4
"thing",4
"todays-lenovo",4
"told",4
"total",4
"ultra",4
"unspecified",4
"updates",4
"upgrade",4
"upgraded",4
"upper",4
"videos",4
"waiting",4
"warranty",4
"watch",4
"ways",4
"web",4
"whatsapp-messages",4
"worry",4
"worrying",4
"xiaomi-launches",4
"xiaomi-mii",4
"xx-mm",4
"yang",4
"accelerometer",3
"ace",3
"add",3
"adding",3
"additional",3
"address",3
"administratively",3
"agencies",3
"agent-profile",3
"al-posto",3
"algorithms",3
"allotted",3
"amount",3
"android-kitkat",3
"android-news",3
"android-smartphone",3
"apples",3
"arm-mali",3
"armed",3
"asian",3
"asian-markets",3
"asphalt",3
"association",3
"attention",3
"authority",3
"auto",3
"average",3
"balance",3
"bang",3
"bang-promotion",3
"bay",3
"beautiful",3
"bezel",3
"black-colors",3
"black-colours",3
"blackberry",3
"bland",3
"boasts",3
"bodies",3
"boost",3
"branding",3
"brings",3
"budget-smartphone",3
"cabinet",3
"california",3
"camera-app",3
"camera-front",3
"capacitive",3
"capture",3
"carries",3
"cater",3
"centre",3
"ceo",3
"channels",3
"charge",3
"chart",3
"che",3
"cheap",3
"chief",3
"chinese-brand",3
"choice",3
"citizens",3
"claims",3
"clarity",3
"classic",3
"cmr-india",3
"coating",3
"communication",3
"community",3
"como",3
"compact",3
"configuration",3
"confirmed-lg",3
"considered",3
"consumption",3
"contender",3
"continue",3
"cost-rs",3
"costly-affair",3
"costs",3
"custom-roms",3
"cuts-price",3
"daily",3
"deals",3
"deity",3
"delhi-fri",3
"deliver-hours",3
"deliver-smooth",3
"dengan",3
"depan",3
"design-language",3
"di-galaxy",3
"diagonal",3
"digital",3
"discounts-expected",3
"distributor-sources",3
"diwali",3
"dominated",3
"double",3
"dropped",3
"earlier-model",3
"edge-iron",3
"elder-sibling",3
"elite",3
"email",3
"encryption-policy",3
"enhanced",3
"enthusiasts",3
"estimated",3
"europa",3
"exact",3
"exception",3
"expecting",3
"expensive-phones",3
"experts",3
"extremely",3
"facesmile",3
"facility",3
"fall",3
"fast",3
"features-gb",3
"featuring",3
"february",3
"fee",3
"feels",3
"festival",3
"ffc",3
"files",3
"fingerprint",3
"fingerprint-access",3
"flagship-galaxy",3
"flagship-smartphone",3
"flip-covers",3
"form",3
"found-listed",3
"frequently",3
"functions",3
"future",3
"galaxy-smartphones",3
"game-credits",3
"gamers",3
"gave",3
"gb-ve",3
"gestures",3
"ghz-coupled",3
"giants",3
"gigabytes",3
"gold-colours",3
"google-prices",3
"grey-colors",3
"ground",3
"handle",3
"handset-features",3
"handset-include",3
"heart",3
"higher-price",3
"holds",3
"home-android",3
"home-launches",3
"hong",3
"honor",3
"hosting",3
"hotspot",3
"iberry",3
"identical",3
"impact",3
"impressions",3
"impressive",3
"improvements",3
"inch-ips",3
"inch-model",3
"inch-wvga",3
"india-con",3
"india-nexus",3
"india-premium",3
"india-takes",3
"indian-american",3
"indiano",3
"infrastructure",3
"integrated",3
"interested",3
"interface",3
"introducing",3
"ipod",3
"issue",3
"japanese-manufacturer",3
"kamera",3
"keeping",3
"kirin",3
"lag",3
"largest",3
"latest-entrant",3
"latest-flagships",3
"latters",3
"launching-products",3
"laws",3
"layar-inci",3
"lead",3
"leak",3
"leaked-prices",3
"leaving",3
"led",3
"led-flashes",3
"left",3
"lenovo-xiaomi",3
"lesser",3
"li-ning",3
"lighting",3
"limit",3
"limited-edition",3
"line-variant",3
"lineup",3
"listing",3
"lists",3
"low-price",3
"lpddr",3
"lte-cat",3
"lte-data",3
"lte-networks",3
"main",3
"main-camera",3
"maintained",3
"maker",3
"management",3
"manages",3
"manual",3
"market-operating",3
"marketing",3
"marks",3
"mass",3
"mayank",3
"mbps",3
"meagre",3
"means",3
"measures-mm",3
"meeting",3
"mega",3
"megapiksel",3
"megapixel-selfie",3
"megapixel-sensor",3
"message",3
"metal-frame",3
"microsd-cards",3
"microusb",3
"million",3
"model-number",3
"modern-combat",3
"module",3
"moment",3
"motion",3
"mp-secondary",3
"multiple",3
"named",3
"naming",3
"nano",3
"nano-sim",3
"narendra-modi",3
"ndia",3
"net-neutrality",3
"night",3
"note-rival",3
"november",3
"novo",3
"obama",3
"offers-gb",3
"onboard",3
"onedrive",3
"onenote",3
"online-gaming",3
"online-retail",3
"opt",3
"option",3
"outdated",3
"pair",3
"panasonic",3
"panorama-hdr",3
"party",3
"phicomm",3
"phicomm-passion",3
"phonearena",3
"phones-price",3
"pictures",3
"pixel-resolution",3
"play-sports",3
"plenty",3
"possibly",3
"potential",3
"prakash",3
"pre-book",3
"pre-orders",3
"predecessor",3
"predecessors",3
"preloaded",3
"prescribed",3
"price-bracket",3
"primary",3
"prime-meizu",3
"prime-minister",3
"prime-ve",3
"proposed",3
"put",3
"question",3
"reader",3
"received",3
"region",3
"regional-languages",3
"registered",3
"regulatory",3
"remains",3
"research",3
"resistance",3
"resolusi",3
"retail-price",3
"rich",3
"round",3
"rs-segment",3
"rs-sensor",3
"rs-update",3
"samsung-introduces",3
"samsung-smartphones",3
"samsungs-touchwiz",3
"san-jose",3
"scooter",3
"scores",3
"sd-card",3
"setelah",3
"shipping",3
"showed",3
"shown",3
"sibling",3
"sides",3
"silicon-valley",3
"silver-white",3
"similar-specifications",3
"similarly",3
"similarly-priced",3
"simply",3
"skin",3
"slight",3
"slightly-inferior",3
"slim",3
"slippery",3
"slots",3
"sm-jh",3
"smaller",3
"smartphone-measures",3
"smartphones-samsung",3
"smartwatch",3
"social",3
"social-media",3
"software-front",3
"sonys",3
"speaker",3
"speced",3
"speeds",3
"stable",3
"standby",3
"starts",3
"states",3
"stay-tuned",3
"stirred",3
"storage-space",3
"stores",3
"story",3
"strategy",3
"strong-buzz",3
"sua",3
"sul-territorio",3
"supported",3
"surpluss",3
"tags",3
"target",3
"tdd",3
"tech",3
"tgb",3
"thickness",3
"thinnest",3
"thought",3
"till-end",3
"times",3
"tiongkok",3
"tipped",3
"title",3
"tizen-os",3
"tone",3
"top-trending",3
"trai",3
"tweaks",3
"uma",3
"underdog",3
"unprecedented",3
"untuk",3
"unveil",3
"ups",3
"verdict",3
"virtual",3
"visakhapatnam",3
"visto",3
"waterproof",3
"wednesday",3
"white-gold",3
"wifi-bgn",3
"winner",3
"wireless",3
"won",3
"worlds",3
"wrong",3
"zauba",3
"abbiamo",2
"accompanied",2
"accuracy",2
"acquired",2
"activate",2
"activity",2
"actual",2
"adobe",2
"advantage",2
"affordably",2
"aggressive",2
"aimed",2
"aims",2
"ainda",2
"airwaves",2
"alcatel",2
"altogether",2
"aluminium",2
"ambitious",2
"america",2
"american",2
"analyst",2
"angeles",2
"angle",2
"announcing",2
"anti",2
"antutu",2
"api",2
"appearance",2
"appeared",2
"applications",2
"approve",2
"approximately",2
"arena",2
"arrangement",2
"arriver",2
"article",2
"asim",2
"asked",2
"aspects",2
"assim",2
"assumption",2
"atleast",2
"atom",2
"attributed",2
"audience",2
"audio",2
"aug",2
"aumentar",2
"automatically",2
"auxus",2
"awaited",2
"bangalore",2
"bar",2
"barack",2
"barely",2
"barrier",2
"basically",2
"basis",2
"batteries",2
"battery-capacity",2
"bears",2
"beauties",2
"benefits",2
"bisa",2
"bloatware",2
"blog",2
"bold",2
"booking",2
"boosting",2
"bounced",2
"brackets",2
"branded",2
"brazil",2
"brightness",2
"broad",2
"brochure",2
"broken",2
"bsi",2
"budget",2
"budki",2
"bulge",2
"businesses",2
"button",2
"buttons",2
"buzz",2
"buzzing",2
"calls",2
"cambiamento",2
"cap",2
"capability",2
"capable",2
"carriers",2
"cellular",2
"cent",2
"certified",2
"chain",2
"channel",2
"choose",2
"cina",2
"claiming",2
"clamshell",2
"clarification",2
"clip",2
"clocked-ghz",2
"closely",2
"closer",2
"cmera",2
"codenamed",2
"collaboration",2
"comfortably",2
"commenting",2
"commercial",2
"committed",2
"comparable",2
"comparing",2
"competitive",2
"completely",2
"compromise",2
"concerns",2
"condition",2
"confidence",2
"configurations",2
"confusing",2
"confusion",2
"connection",2
"continuous",2
"convention",2
"copy",2
"costing",2
"costlier",2
"costly",2
"countdown",2
"counterpoint",2
"create",2
"credits",2
"crisp",2
"crores",2
"custom",2
"customer",2
"data-saving",2
"database",2
"deal",2
"dealers",2
"december",2
"degrees",2
"della",2
"demanding",2
"deste",2
"detection-panorama",2
"develop",2
"developed",2
"devices-lenovo",2
"differs",2
"direction",2
"disabled",2
"disappointed",2
"disappointment",2
"distributor",2
"ditched",2
"document",2
"dominate",2
"downloads",2
"drop",2
"drops",2
"dubbed",2
"duos",2
"easier",2
"ebay",2
"edges",2
"effort",2
"ele",2
"element",2
"eligible",2
"emails",2
"empty",2
"enforcement",2
"enjoy",2
"enjoys",2
"ensures",2
"entities",2
"entrepreneurs",2
"essentially",2
"established",2
"evidently",2
"excess",2
"excessive",2
"executives",2
"expectations",2
"expensive",2
"experiences",2
"experimenting",2
"exposure",2
"extend",2
"extends",2
"external",2
"faceoff",2
"factor",2
"factory",2
"failed",2
"fans-disappointed",2
"fastest",2
"faux",2
"fcc",2
"fdd",2
"feature-inch",2
"featured",2
"felt",2
"fighting",2
"final",2
"fine",2
"finish",2
"firms",2
"firmware",2
"fit",2
"flashing",2
"flaunt",2
"foi",2
"foreign",2
"freebies",2
"french",2
"friday",2
"frontal",2
"functionalities",2
"galaxy-series",2
"galaxy-tab",2
"gallery",2
"game",2
"gb-gb",2
"geekbench",2
"general",2
"gfxbench",2
"gifts",2
"giving",2
"glad",2
"glossy",2
"governance",2
"gpsa",2
"grab",2
"grand",2
"grasp",2
"grille",2
"grip",2
"group",2
"grow",2
"gsm",2
"guess",2
"hall",2
"hd-resolution",2
"headlines",2
"headquarters",2
"headset",2
"hearts",2
"helpful",2
"helps",2
"hitters",2
"hoping",2
"hot",2
"hour",2
"huaweis",2
"icons",2
"ideas",2
"identified",2
"imply",2
"implying",2
"improvement",2
"inbuilt",2
"incher",2
"incio",2
"india-motorola",2
"india-smartphone",2
"individually",2
"indo",2
"initial",2
"innovative",2
"inside",2
"instance",2
"integration",2
"intel",2
"intercepted",2
"interest",2
"international",2
"intimation",2
"intriguing",2
"introductory",2
"invite",2
"ipx",2
"isocell",2
"isto",2
"jack",2
"juga",2
"july-exclusively",2
"jun",2
"kedua",2
"ketan",2
"keys",2
"kong",2
"korea",2
"larger-inch",2
"largest-smartphone",2
"latest-android",2
"launch-galaxy",2
"leader",2
"leaders",2
"leading",2
"learnt",2
"legal",2
"length",2
"lenovo-phone",2
"letter",2
"level",2
"levels",2
"licence",2
"licensor",2
"limiting",2
"limits",2
"lockunlock",2
"logo",2
"lolipop",2
"loop",2
"los",2
"lover",2
"lowest",2
"lsa",2
"mail",2
"makeover",2
"managed",2
"manu",2
"marginally",2
"marked",2
"marketshare",2
"marshmallow",2
"marvel",2
"material",2
"materials",2
"mb-ram",2
"measuring",2
"mediatek",2
"menjadi",2
"mentre",2
"mercado",2
"mereka",2
"metal-rim",2
"mhl",2
"micromaxs",2
"middle",2
"miui",2
"modi",2
"modular",2
"mon",2
"moniker",2
"monster",2
"month-price",2
"mp-front",2
"mulai",2
"multi",2
"mumbai",2
"nama",2
"names",2
"navigating",2
"ndtv",2
"necessarily",2
"negara",2
"nei",2
"nella",2
"nelle",2
"neurogadget",2
"ninebot",2
"norms",2
"notch",2
"noted",2
"obvious",2
"octacore",2
"oem",2
"offers-hours",2
"offline",2
"ois",2
"older",2
"oleh",2
"open",2
"oppo",2
"opportunity",2
"ore",2
"otg",2
"outubro",2
"owners",2
"panels",2
"participao",2
"partner",2
"partnerships",2
"pathak",2
"pay",2
"paying",2
"perbedaan",2
"perfect",2
"perfectly",2
"performers",2
"personally",2
"philippines",2
"phones-samsung",2
"photos",2
"pilot",2
"plain",2
"plans",2
"plant",2
"plays",2
"pls",2
"pode",2
"podium",2
"policy",2
"popularity",2
"portfolio",2
"position",2
"positions",2
"positive",2
"possess",2
"possibility",2
"powers",2
"pratap",2
"preinstalled",2
"preview",2
"previously",2
"priorities",2
"procedure",2
"process",2
"processor-ghz",2
"processore",2
"produced",2
"production",2
"productivity",2
"programme",2
"promo",2
"protected",2
"provider",2
"public",2
"published",2
"purposes",2
"pxa",2
"qualcomms",2
"quando",2
"quarters",2
"quoted",2
"ram-gigs",2
"ram-storage",2
"ranging",2
"reaches",2
"reading",2
"reasons",2
"recall",2
"receiving",2
"recommend",2
"recommendations",2
"recover",2
"reduced",2
"regions",2
"register",2
"relationships",2
"relevant",2
"remain",2
"remarkable",2
"reminds",2
"removable-li",2
"reputed",2
"requiring",2
"retails",2
"returned",2
"returns",2
"revenue",2
"revolution",2
"rim",2
"rise",2
"risks",2
"rival",2
"robust",2
"rocker",2
"room",2
"rs-flipkart",2
"rumored",2
"run-android",2
"rupees",2
"sama",2
"samoled",2
"samsung-announced",2
"samsung-launching",2
"samsung-mobile",2
"sandeep",2
"saxena",2
"scenarios",2
"scheme",2
"scorse",2
"section",2
"secure",2
"seing",2
"sekitar",2
"selection",2
"send",2
"senior",2
"sense",2
"sensors",2
"separate",2
"separately",2
"sept",2
"setempat",2
"shares",2
"sharp",2
"shoot",2
"shortly",2
"shot",2
"signal",2
"significantly",2
"silently",2
"simple",2
"sims",2
"sites",2
"sits",2
"skype",2
"sleeve",2
"slick",2
"slimmer",2
"slowly",2
"smart",2
"smartphone-features",2
"smooth",2
"snapdragon-ghz",2
"sobre",2
"solutions",2
"sono",2
"speaking",2
"specifically",2
"speculated",2
"spend",2
"spent",2
"spoil",2
"sporting",2
"squarish",2
"stakes",2
"standards",2
"stands",2
"starting-july",2
"step",2
"steps",2
"sticker",2
"stiff",2
"straight",2
"strip",2
"struggling",2
"stutter",2
"style-priced",2
"subject",2
"suc",2
"succeed",2
"sufficient",2
"suggested",2
"sun",2
"sunday",2
"sunlight",2
"superb",2
"superior",2
"surfaced",2
"surprise",2
"swipe",2
"system",2
"table",2
"tablets",2
"taiwanese",2
"talk",2
"talking",2
"tanggal",2
"targeted",2
"tarun",2
"telah",2
"tempo",2
"terbaru",2
"tesla",2
"teste",2
"thankfully",2
"thers",2
"thinner",2
"thousand",2
"thu",2
"tight",2
"titan",2
"tools",2
"touchscreen",2
"touchscreens",2
"touting",2
"town",2
"trackers",2
"tracking",2
"transaction",2
"tray",2
"trouble",2
"turbo",2
"tweet",2
"ugly",2
"unclear",2
"underlying",2
"undoubtedly",2
"unlocking",2
"unnamed",2
"unveiling",2
"vague",2
"validate",2
"vary",2
"vendor",2
"vez",2
"viable",2
"vice",2
"visual",2
"wait",2
"waktu",2
"warsi",2
"waterproofing",2
"weigh",2
"wheels",2
"whichever",2
"whove",2
"wide",2
"widely",2
"wooing",2
"wrapping",2
"york",2
"yuphoria",2
"yureka",2
"zeml",2
"zen",2
"zenfone",2
"zone",2
"zoom",2
"zte",2
"ztes",2
