"","Doc.id","text"
"1",1,"""I liked a video Samsung Galaxy J7 How to Insert SIM Card and Micro Sd Card"""
"2",2,"""SAR BRAND NEW UNTOUCHED ZERO DAY USED SAMSUNG GALAXY J HDS Dual Zr"""
"3",3,"""Today Killer Discount For SAMSUNG PHONES GALAXY CORE PRIME GRAND PRIME J J J ACE NEXT VISIT MAXIMEM"""
"4",4,"""OctoplusOctopus Samsung v Galaxy S Neo Galaxy J7 Tab S and more   OctoplusOctopus Box Samsun"""
"5",5,""" OctoplusOctopus Samsung v Galaxy S Neo Galaxy J7 Tab S and more"""
"6",6,"""Click here to buygtgt   Samsung Galaxy J7 SM Nigeria SmoothblinkJumia"""
"7",7,"""youtube Samsung GALAXY J Unboxing  Hands on Review Best Midrange"""
"8",8,"""Samsung Galaxy J7 can potentially deliver smooth online gaming experiences using G LTE connectivity Buy"""
"9",9,"""smartphone Samsung Galaxy J7 Review with Pros  Cons"""
"10",10,"""Samsung Galaxy J7 price specifications features comparison"""
"11",11,"""UME Tempered Glass Screen Protector S"""
"12",12,"""I liked a video from Samsungs Mistake in Making of Galaxy J7"""
"13",13,"""OctoplusOctopus Samsung v Galaxy S Neo Galaxy J7 Tab S and more"""
"14",14,"""Samsung Galaxy J7 A MidRange Smartphone Which Will Make You Forget About Flagships"""
"15",15,"""Samsung Galaxy J7 GB shreasthcreationcomAndroid v Lollipop OS MP Primary Camera MP Secondary Camera w"""
"16",16,"""Find Lost Samsung Galaxy J7 For this method to work you would have needed to register"""
"17",17,"""I liked a video from  Samsung Galaxy J7 VS Xiaomi Mi i VS Lenovo K Note"""
"18",18,"""can you please help with the APN  internet settings for my Samsung Galaxy J7 phoneThank you"""
"19",19,"""Are galaxy j and j still exclusive to flipkartif not are they available on samsung estore or samsung smartphone stores"""
"20",20,"""World Samsung Galaxy J7 A MidRange Smartphone Which Will Make You Forget About Flagships In June the Kore"""
"21",21,"""Flare S soon or Samsung Galaxy J7 or J on December TT"""
"22",22,"""Samsung Galaxy J7 A MidRange Smartphone Which Will Make You Forget About  samsung galaxy"""
"23",23,"""Samsung Galaxy J7 A MidRange Smartphone Which Will Make You Forget About Flagships In June the Smartphone"""
"24",24,"""GalaxyJ7 Flagships   Samsung Galaxy J7 A MidRange Smartphone Which Will Make You Forget About F Samsung"""
"25",25,"""GalaxyJ7 Flagships   Samsung Galaxy J7 A MidRange Smartphone Which Will Make You Forget About Flagships"""
"26",26,"""Bigger screen powerful processor Samsung Galaxy J7 has got everything to be your gaming powerhouse Grab it"""
"27",27,"""GalaxyJ7 Flagships   Samsung Galaxy J7 A MidRange Smartphone Which Will Make  Samsung"""
"28",28,"""Samsung Galaxy J7 A MidRange Smartphone Which Will Make You Forget About Neurogadget"""
"29",29,"""Samsung Galaxy J7 A MidRange Smartphone Which Will Make You Forget About Flagships In June the Korean tech"""
"30",30,"""Hi there Have you gotten your own Samsung Galaxy J7 ace FansCrossFire"""
"31",31,"""Samsung Galaxy J7 JH G Dual GB White English Language S"""
"32",32,"""Samsung Galaxy J7 JH G Dual GB Gold English Language S"""
"33",33,"""With the latest Android OS and a Quadcore processor Samsung has introduced Galaxy J7 in the Indian market This"""
"34",34,"""Samsung Galaxy J7 Benchmarks and Gaming Review"""
"35",35,"""Octobers most popular phone Samsung Galaxy J7 and J from Why Pay More"""
"36",36,"""Samsung Galaxy J7 and J from Why Pay More"""
"37",37,"""i own grand but im so in love with j samsung galaxy J definitely next phone after gg lt"""
"38",38,"""Stereo ADP Wireless Bluetooth Headset For Samsung Galaxy J7 J J iPhone S C"""
"39",39,"""which is best phone among these Samsung galaxy j and honor Plz tell me"""
"40",40,"""plz tell me which is best among these Samsung galaxy j vs honor"""
"41",41,"""Samsung Galaxy J7 please be mine"""
"42",42,"""Samsung Galaxy J7 J D Relief Back Case Cover Ca end PM"""
"43",43,"""DONKLEPHANT Samsung Galaxy J7 Gives a Fitting Reply to the Heavy Hitters of the Market Today"""
"44",44,"""Samsung Galaxy J7 Gives a Fitting Reply to the Heavy Hitters of the Market Today"""
"45",45,"""I liked a video from Unboxing Samsung Galaxy J7 Indonesia"""
"46",46,"""Samsung launches Galaxy J7 J priced at Rs and Rs Samsung has launched two Launches Priced samsung"""
"47",47,"""Getting Familiar with the Samsung Galaxy J7"""
"48",48,"""TODAY KILLER DISCOUNT for SAMSUNG PHONES gt Galaxy lt Core Prime Grand Prime J J J S Dous Visit  Maximm"""
"49",49,"""TODAY KILLER DISCOUNT for SAMSUNG PHONES gt Galaxy lt Core Prime Grand Prime J J J S Dous Visit  Maximm Srilanka"""
"50",50,"""noreplygooglecom New signin from Samsung Galaxy J7 New signin from Samsung Galaxy J7 Hi Financial Your Google Account fi"""
"51",51,"""Samsung Galaxy J7 Gb c flash frontal Whatsapp"""
"52",52,"""GalaxyJ7 Smartphone   Getting Familiar with the Samsung Galaxy J7   If you have  Samsung"""
"53",53,"""GalaxyJ7 Smartphone   Getting Familiar with the Samsung Galaxy J7   If you have not heard of the Samsung"""
"54",54,"""Today Killer Discount For SAMSUNG PHONES GALAXY CORE PRIME GRAND PRIME J J J S DOUS Visit MAXIMEM"""
"55",55,"""Samsung Galaxy J7 GB Samsung Galaxy J7 White GB shreasthcreationcomSamsung Galaxy J7 White GB"""
"56",56,"""guys I got new phoneyeyyySamsung galaxy JThank u dad and my angel BhuajiLOVEE U SOOOOO MUCHMUUAAHHHH"""
"57",57,"""Samsung Galaxy J7 GB Gold Online in India Check Price features and specifications"""
"58",58,"""Review on by rajeshluv"""
"59",59,"""Samsung Galaxy J7 Unboxing  Full Review Hands on Camera test Sles Performance  Verdict"""
"60",60,"""unboxing Samsung Galaxy J7 greget abis pake clurit"""
"61",61,"""How to Hard Reset Samsung Galaxy J7 hard reset smartphones technology reset android cellphone"""
"62",62,"""Photo Samsung Galaxy J7 GB Gold Online in India Check Price features and specifications Check Details"""
"63",63,"""AmeboWorld Samsung Announce The Galaxy J7 And J With Front Facing Led Flash and Dual Sim"""
"64",64,"""Samsung is really concentrating on the lowmid range segment Their Galaxy J7 J A A are really impressive for the price barring TWUI"""
"65",65,"""Samsungs Mistake in Making of Galaxy J7"""
"66",66,"""D Rhinestone                                                                                                    Samsung Galaxy J7 Back cover available                                       supportcom             joeden"""
"67",67,"""I liked a video Samsung Galaxy J7 Handson Overview and First Impressions"""
"68",68,"""I liked a video from Hindi Samsung Galaxy J7 First Impressions Review"""
"69",69,"""I liked a video Samsung Galaxy J7 India Unboxing and Overview"""
"70",70,"""I liked a video from Samsung Galaxy J7 Tips  Tricks HD"""
"71",71,"""Do you have a review for Samsung Galaxy J7"""
"72",72,"""Samsung Galaxy J7 has a new review Samsung review"""
"73",73,"""Samsung Galaxy J7 Brings Back Confidence of MidRange Smartphone Users to Samsung"""
"74",74,"""New firmware SMJHGALAXYJ Version JHXXUAOI OS Download"""
"75",75,"""I liked a video from Review Of Samsung Galaxy J7"""
"76",76,"""Deals CellPhones Smartphones New Quality Front Clear Screen Protector Guard Skin Film For Samsung Galaxy J7"""
"77",77,"""crazydealonline RT buy Samsung Galaxy J7Gold GB at flipkart best g phone in thi"""
"78",78,"""buy Samsung Galaxy J7Gold GB at flipkart best g phone in this range"""
"79",79,"""when samsung galaxy j will available in your store waiting from longg time"""
"80",80,"""waiting for samsunggalaxyj from long time When we can get it from"""
"81",81,"""how was the camera quality of Samsung galaxy j n the battery life on ur phone I m asking because the camera is very poor"""
"82",82,"""Pls check the link below to get more details on J We assure that it will"""
"83",83,"""OEM CABLE For Samsung Galaxy V Plus J J J Galaxy Grand Max Core Prime"""
"84",84,"""Samsung Galaxy J7 Dual SIM G LTE SMJM GSM Factory Unlocked GB White"""
"85",85,"""Pls check the link below to get more details on J We assure that it will be a good buy for you"""
"86",86,"""Smartphone Samsung Galaxy J7 Duos GB Dual Chip por Gadgets Ad"""
"87",87,"""Samsung Galaxy J7 Brings Back Confidence of MidRange Smartphone Users to Samsung ImGoingToStart When th"""
"88",88,"""Sony Xperia E Dual Vs Samsung Galaxy J7 Vs Huawei Honor Holly Comparison phonewars"""
"89",89,"""I liked a video samsung galaxy j review in hindi"""
"90",90,"""How to Hard Reset Samsung Galaxy J7 hard reset smartphones technology reset android cellphone samsung"""
"91",91,"""which is better in gaming samsung galaxy j or moto x play"""
"92",92,"""DreamWorks making affordability more affordable Buy latest Samsung Galaxy J7 on Easy to Pay Monthly Installment"""
"93",93,"""Deals CellPhones Smartphones New Iron Man Bracket Stand Case Cover For Samsung Galaxy J7 shakeproof case"""
"94",94,"""New Model Samsung Galaxy J7 LTE Dual sim S   export setno warranty   collect at Funan DigitaLife mall"""
"95",95,"""Ebay Snipe RT  New For Samsung Galaxy J7j Durable Shockproof Armor Protective Hard Case C  Please Favorite"""
"96",96,"""How many days po ba process ng application sa plan I applied for plan with samsung galaxy j"""
"97",97,"""Bluetooth Wrist Smart Watch Phone For Android Samsung Galaxy J7 J HTC LG G"""
"98",98,"""I liked a video Samsung Galaxy J7 vs Galaxy E vs Galaxy A Whats Different"""
"99",99,"""I liked a video from Samsung Galaxy J7 VS Samsung Galaxy E VS Samsung Galaxy A"""
"100",100,"""promoo oferta Smartphone Samsung Galaxy J7 Duos Dual Chip Desbloqueado Android GB G R"""
"101",101,"""The New Samsung Galaxy J7 The pros and cons"""
"102",102,"""crazywrita updates The New Samsung Galaxy J7 The pros and cons"""
"103",103,"""I liked a video Samsung Galaxy J7 Gaming Review with Highend Games"""
"104",104,"""I liked a video from Samsung Galaxy J7 vs J Knife Test HD"""
"105",105,"""I liked a video from Samsung GALAXY J Unboxing  Hands on Review Best Midrange"""
"106",106,"""plzz help in choosing between moto x play  samsung galaxy J which is a better buy in trms of camera and multitasking"""
"107",107,"""I liked a video from Samsung Galaxy J7 Unboxing en espaol"""
"108",108,"""I liked a video from Samsung Galaxy J7 Unboxing and Hands On Overview"""
"109",109,"""I liked a video from Samsung Galaxy J7 G Smartphone Unboxing  Overview"""
"110",110,"""Samsung Galaxy J7 SM J GSM Factory Unlocked SmartphoneAndroid AMOLED Display International"""
"111",111,"""Samsung Galaxy J7 SM J GSM Factory Unlocked SmartphoneAndroid   AMOLED"""
"112",112,"""Top trending phones of week This week Samsungs Galaxy J7 series locked out the podium The J J and http"""
"113",113,"""what should i buy samsung galaxy j or e because i will buy it in nov"""
"114",114,"""Motorola Moto g or Samsung galaxy J which one do you prefer"""
"115",115,"""what should i take samsung galaxy j or e"""
"116",116,"""Which one do you prefer Samsung Galaxy J7 or Motorola Moto G specially in camera and overall aspects"""
"117",117,"""What are your thoughts between Samsung Galaxy J7 and Motorola Moto Grd Generation"""
"118",118,"""askgeekyranjit compare Display between mi Samsung Galaxy J7 E Moto X Play i love watching movies thank u ranjit"""
"119",119,"""askgeekyranjit compare Display between mi Samsung Galaxy J7 E Moto X Play i love watching movies thank u verymuch"""
"120",120,"""askgeekyranjit compare Display between mi Samsung Galaxy J7 E Moto X Play i love watching movies thank u ranjit ji"""
"121",121,"""askgeekyranjit compare Display between mi Samsung Galaxy J7 E Moto X Play i love watching movies thank u"""
"122",122,"""Check this out Samsung Galaxy J7 inch Super Amoled Display Dual SIM LTE GSM Octa Core Processor MP"""
"123",123,"""Samsung Galaxy J7 JH Dual Sim White Year WarrantyAED"""
"124",124,"""Thank you but a I am not purchasing due to price I have taken Samsung galaxy J Thank you and waiting for Meizu phone"""
"125",125,"""Samsung Galaxy Grand Prime J J J Camouflage Cas end PM"""
"126",126,"""In Depth Comarision of Samsung Galaxy S and Samsung Galaxy J7 and Samsung Galaxy J7 Camera Hardware everything"""
"127",127,"""I liked a video from Samsung Galaxy J7 Review Worth It"""
"128",128,"""I liked a video from Samsung Galaxy J7 Hands on Review"""
"129",129,"""Samsung Galaxy J7 Dual Sim JFDH G GB Factory Unlocked"""
"130",130,"""lta href"""
"131",131,"""Unboxing Samsung Galaxy J7 Mexico"""
"132",132,"""The Samsung Galaxy J7 is some really cool walletfriendly smartphone"""
"133",133,"""Samsung Galaxy J7   Youll be in my hand one day"""
"134",134,"""New update received Samsung galaxy J samsunggalaxyj"""
"135",135,"""Home Cell Phones Important Samsung Universe J Features   Cost Dimensions     Neurogadget"""
"136",136,"""Important Samsung Galaxy J7 Features   Price Dimensions Operating System and More samsung"""
"137",137,"""GalaxyJ7 Smartphone   Important Samsung Galaxy J7 Features   Price Dimensions  Samsung"""
"138",138,"""GalaxyJ7 Smartphone   Important Samsung Galaxy J7 Features   Price Dimensions Operating System and  Samsung"""
"139",139,"""I liked a video from Samsung Galaxy J7 vs Galaxy J7 Speed Test HD"""
"140",140,"""Home Mobile Phones Important Samsung Galaxy J7 Features   Price Dimensions Operating Although Samsung i"""
"141",141,"""Samsung Galaxy J7 Flip Cover Dual Vie"""
"142",142,"""Samsung Galaxy J7 SM J GSM Factory Unlocked SmartphoneAndroid Galaxy WirelessPhoneAccessory Electronics"""
"143",143,"""Home Mobile Phones Important Samsung Galaxy J7 Features   Price Dimensions Operating"""
"144",144,"""Home Mobile Phones Important Samsung Galaxy J7 Features   Price Dimensions Neurogadget"""
"145",145,"""GalaxyJ7 Smartphone   Important Samsung Galaxy J7 Features   Price Dimensions Operating System a iPhone"""
"146",146,"""Samsung Galaxy J7 With Specs  Price In Pakistan"""
"147",147,"""Important Samsung Galaxy J7 Features   Price Dimensions Operating System and More"""
"148",148,"""Like to Buy SAMSUNG GALAXYJ"""
"149",149,"""Samsung Galaxy J7 Smart Phone The phone is Awesame"""
"150",150,"""New firmware SMJMGALAXYJ Version JMUBUAOH OS Download"""
"151",151,"""I liked a video from Hindi Samsung Galaxy J7 Detailed Camera Review"""
"152",152,"""CASE SAMSUNG GALAXY J BACK HARD CASE"""
"153",153,"""FLIP COVER UME SAMSUNG GALAXY J LE"""
"154",154,"""Hi The recommended retail price of Galaxy J7 is"""
"155",155,"""My samsung galaxy j says that it has an octa core processor but the other are stopped via cpuz"""
"156",156,"""I liked a video from Hindi Samsung Galaxy J7 Full n Final Review with Good and Bad"""
"157",157,"""TechoTweet Samsung Galaxy J7 With LED Flashes In Both Cameras"""
"158",158,"""Samsung Galaxy J7 J Metal Frame  D Relief Back end PM"""
"159",159,"""Samsung Galaxy J7 GB Price LAUNCH Announced June Status Available Released June BODY"""
"160",160,"""TOP Americanas Smartphones Smartphone Samsung Galaxy J7 Duos Dual Chip Desbloqueado"""
"161",161,"""Cupom Promoo Desconto Oferta J Galaxy Smartphone Samsung Galaxy J7 Duos Dual Chip Desbloqueado Android"""
"162",162,"""Review of Samsung Galaxy J7 by me Samsung galaxy j"""
"163",163,"""Dear friends i have ordered a smartphone samsung galaxy j on flipkart on oct I have read  seen review of said gadget is fantastic"""
"164",164,"""Samsung galaxy JJ havent been reviwed yet Please do it"""
"165",165,"""Android powered Galaxy J7 and J tipped to perk up budget Samsung prospects The transiti gadgets tablets"""
"166",166,"""Top trending phones of week This week Samsungs Galaxy J7 series locked out the podium The J J and"""
"167",167,"""Samsung Galaxy J7 Price in Pakistan with Review"""
"168",168,"""trying my luck to have a Samsung Galaxy J7 from you guys SharetheJoy"""
"169",169,"""Top trending phones of week This week Samsungs Galaxy J7 series locked out the podium The J J GSM"""
"170",170,"""Top trending phones of week This week Samsungs Galaxy J7 series locked out the podium The J J and J"""
"171",171,"""Top trending phones of week This week Samsung s Galaxy J7 series locked out the podium The J J and J"""
"172",172,"""Top trending phones of week This week Samsungs Galaxy J7 series locked out the podium The J J Fari"""
"173",173,"""OneStop Top trending phones of week This week Samsungs Galaxy J7 series locked out the podium The J"""
"174",174,"""This week Samsungs Galaxy J7 series locked out the podium The J J and J in that order make up the Top smartpho gma"""
"175",175,"""Phone Top trending phones of week This week Samsungs Galaxy J7 series locked out the podium The J"""
"176",176,"""ANY SAMSUNG GALAXY J Custom ROM android"""
"177",177,"""Samsung Galaxy J7 Dual SIM G LTE SMJM GSM Factory Unlocked Android"""
"178",178,"""Go For Samsung Galaxy J7 Awesome Phone Amazing Features And Very Good Camera Go Directly"""
"179",179,"""Samsung Galaxy J7 Otterbox DDLBiz Aluminum Metal Bumper Frame PC Back Case Cover For"""
"180",180,"""Touch Screen Bluetooth Smart Wrist Watch For Android Samsung Galaxy S S J A"""
"181",181,"""Samsung Galaxy J7 vs J gaming review GTA VC Subscribe us on Youtube"""
"182",182,"""please give us a review of Samsung Galaxy J7 and is Galaxy S is it worth to buying the device now"""
"183",183,"""Samsung Indonesia Set to Launch the New GALAXY J and J with Smooth Online Gaming Experience"""
"184",184,"""I liked a video from Samsung Galaxy J7 VS Motorola Moto G rd Generation Which Is"""
"185",185,"""Samsung Galaxy J7 Samsung Galaxy J7 BUY FROM HERE Rs EXCHANGE OFFERSCheck"""
"186",186,"""Samsung Galaxy J7 Original With Year Warranty Best Price RM only    Price change without any period"""
"187",187,"""Samsung Galaxy J7 White GB Specifications  Price"""
"188",188,"""Samsung Galaxy J7 White GB Specifications  Price TECHWORLD"""
"189",189,"""samsung galaxy j looks so sosyal though and the camera ang ganda              but I always wanted to own an iphone Hmm alin alin alin"""
"190",190,"""OnlineDeals Flipkart Extra Rs Off on Samsung J7"""
"191",191,"""which is best phone to buy samsung galaxy j aur redmi prime"""
"192",192,"""Finally I bought the Samsung galaxy j after seeing many phone to match with the Indian price too"""
"193",193,"""Samsung Galaxy J7 comes with a MP autofocus camera at the back which is inclusive of features like HDR touch"""
"194",194,"""want to buy Galaxy J7 Whats its official Price Where can i get it in Gojra"""
"195",195,"""How To Enter Recovery Mode On The Samsung Galaxy J7 Tech Chomps"""
"196",196,"""Samsung Galaxy J7 Full phone specifications"""
"197",197,"""Submarino Smartphone Samsung Galaxy J7 Duos Dual Chip Desbloqueado Android GB G MP   R"""
"198",198,"""Specifications of Samsung Galaxy J7 GB White"""
"199",199,"""Proud to be st winner in a Blogger Writing Competition Samsung Galaxy J7 and J              Thanks to"""
"200",200,"""TOP Submarino Smartphones Smartphone Samsung Galaxy J7 Duos Dual Chip Desbloqueado"""
"201",201,"""Samsung Galaxy J7 Doble Flash g p Octa Core gb Dual Contado Efectivo El Samsung Galaxy J7 es"""
"202",202,"""Better Grandphies with Samsung Galaxy J7Series GalaxyJ7 GalaxyJ7"""
"203",203,"""Purchase Samsung galaxy J from BigBillionDays happy to purchase in that amount"""
"204",204,"""Torn between samsung galaxy J and iPhone Ugggh"""
"205",205,"""Wow Samsung Galaxy J7 and J Midrange Android Lollipop Phones launched in"""
"206",206,"""i have a choice of smartphone its samsung galaxy jbut cant get it"""
"207",207,"""Click here for moregtgt Samsung Galaxy J7 SM Nigeria SmoothblinkJumia"""
"208",208,"""buy Samsung Galaxy J7Gold GB at flipkart flipkart BigBillionDays MobilesOnBigBillionDays"""
"209",209,"""Mobile Phone Cases for Samsung Galaxy J7 JF cases Plastic Carbon Hard back case Cover"""
"210",210,"""I liked a video from Samsung Galaxy J7 Review en espaol"""
"211",211,"""My phone Samsung galaxy j Rs My mummy grit   feeling loved"""
"212",212,"""I liked a video Samsung Galaxy J7 e J TecMundo"""
"213",213,"""Samsung Galaxy J7 vs iphone nokia htc sonyexperia blackberry iphone ios http"""
"214",214,"""Samsung Galaxy J7 vs iphone nokia htc sonyexperia blackberry iphone ios"""
"215",215,"""Samsung Galaxy J7 Cons and Pros Review uncategorized"""
"216",216,"""Samsung Galaxy J7 Cons and Pros Review"""
"217",217,"""Samsung Galaxy J7 has been out of stock since morning"""
"218",218,"""Samsung Galaxy J7 has been out of stock the whole day"""
"219",219,"""when will restock Samsung galaxy j Need to buy that before I move on to other phone"""
"220",220,"""crispy watch new video Samsung galaxy j full review best midrange SmartPhone click"""
"221",221,"""Goospery Jelly Case for Samsung Galax"""
"222",222,"""I added a video to a playlist Samsung Galaxy J7 Full Review"""
"223",223,"""hii would like to ask if Samsung Galaxy J7 is still available in Plan Thanks"""
"224",224,"""Buy Samsung Galaxy J7 Online from Flipkart at Price Rs Rs Off Exchange Offer"""
"225",225,"""Killer Discount For SAMSUNG PHONES GALAXY CORE PRIME GRAND PRIME J J J ACE NEXT BAST PRICE MOBILE VISIT MAXIMEM"""
"226",226,"""New firmware SMJMGALAXYJ Version JMUBUAOI OS Download"""
"227",227,"""phonewars phonewars phonewars phonewars phonewars phonewars phonewars phonewars Comparison between Samsung Galaxy J7 H"""
"228",228,"""phonewars phonewars phonewars phonewars phonewars phonewars phonewars phonewars Huawei Honor vs Samsung Galaxy J7 vs Huaw"""
"229",229,"""phonewars phonewars phonewars phonewars phonewars phonewars phonewars Comparison between Samsung Galaxy J7 Huawei Honor"""
"230",230,"""phonewars phonewars phonewars phonewars phonewars phonewars phonewars Huawei Honor vs Samsung Galaxy J7 vs Huawei Honor i"""
"231",231,"""phonewars phonewars phonewars phonewars phonewars phonewars Comparison between Samsung Galaxy J7 Huawei Honor X CheL"""
"232",232,"""phonewars phonewars phonewars phonewars phonewars Comparison between Samsung Galaxy J7 Huawei Honor X CheL"""
"233",233,"""phonewars phonewars phonewars phonewars Comparison between Samsung Galaxy J7 Huawei Honor X CheL"""
"234",234,"""phonewars phonewars phonewars Comparison between Samsung Galaxy J7 Huawei Honor X CheL phonewars"""
"235",235,"""phonewars phonewars Comparison between Samsung Galaxy J7 Huawei Honor X CheL phonewars phonewars"""
"236",236,"""Samsung Galaxy J7 and J on Rs discount at Flipkart Big Billion Days Sale"""
"237",237,"""Deal of the Day Buy Samsung Galaxy J7 Online from Flipkart at Price Rs Rs Off Exchange Offer"""
"238",238,"""off on Moto X play and extra off on Samsung Galaxy J7J series on MobilesOnBigBillionDays"""
"239",239,"""New firmware SMJHGalaxyJ7 Version JHXXUAOI OS Download"""
"240",240,"""Multitask like a pro on this Samsung Galaxy J7 Extra off MobilesOnBigBillionDays"""
"241",241,"""Dominate throughout the game  be the last man standing on the incredibly powerful Samsung Galaxy J7 Now"""
"242",242,"""x for Samsung Galaxy J7 G J Clear LCD Screen Protector Guard ZVSP"""
"243",243,"""Ebay Snipe RT  Touch Screen Bluetooth Smart Watch For Android Samsung Galaxy A A A J J  Please Favorite"""
"244",244,"""Grab these offers on Samsung Galaxy J7 And J MobilesOnBigBillionDays"""
